-------- DELETE 

--delete BDO MD2003305000
delete T_BDO_TRANS_DETAILS where BDO_SEQ_NO = '50';

--delete BDO MD2003305001
delete T_BDO_TRANS_DETAILS where BDO_SEQ_NO = '51';

--delete BDO MD2003305002
delete T_BDO_TRANS_DETAILS where BDO_SEQ_NO = '52';

--delete BDO MD2003305003
delete T_BDO_TRANS_DETAILS where BDO_SEQ_NO = '53';

--delete BDO MD2003305004
delete T_BDO_TRANS_DETAILS where BDO_SEQ_NO = '54';

--delete BDO MD2003305005
delete T_BDO_TRANS_DETAILS where BDO_SEQ_NO = '55';

--delete BDO MD2003305006 URGENT
delete T_BDO_TRANS_DETAILS where BDO_SEQ_NO = '56';

----------------------------------------------------------------------------------------------------------------

--delete bag EK999881 for MD2003305000
DELETE T_BDO_TAG_DETAILS BT WHERE BT.BTA_SEQ_NO='100';

--delete bag EK999882 for MD2003305001
DELETE T_BDO_TAG_DETAILS BT WHERE BT.BTA_SEQ_NO='101';

--delete bag EK999883 for MD2003305002
DELETE T_BDO_TAG_DETAILS BT WHERE BT.BTA_SEQ_NO='102';

--delete bag EK999884 for MD2003305003  
DELETE T_BDO_TAG_DETAILS BT WHERE BT.BTA_SEQ_NO='103';

--delete bag EK999885 for MD2003305004   Already Delivered
DELETE T_BDO_TAG_DETAILS BT WHERE BT.BTA_SEQ_NO='104';

--delete bag EK999886 for MD2003305005   Active BDO
DELETE T_BDO_TAG_DETAILS BT WHERE BT.BTA_SEQ_NO='105';

--delete bag EK999887 for MD2003305006   URGENT
DELETE T_BDO_TAG_DETAILS BT WHERE BT.BTA_SEQ_NO='106';

--delete bag EK999888 for MD2003305003  
DELETE T_BDO_TAG_DETAILS BT WHERE BT.BTA_SEQ_NO='107';

----------------------------------------------------------------------------------------------------------------

--delete trace log for bag seq 100
delete T_BDO_TRACE_LOG_TRANS where TB_BDO_BTA_SEQ_NO = '100';

--delete trace log for bag seq 101
delete T_BDO_TRACE_LOG_TRANS where TB_BDO_BTA_SEQ_NO = '101';

--delete trace log for bag seq 102
delete T_BDO_TRACE_LOG_TRANS where TB_BDO_BTA_SEQ_NO = '102';

--delete trace log for bag seq 103
delete T_BDO_TRACE_LOG_TRANS where TB_BDO_BTA_SEQ_NO = '103';

--delete trace log for bag seq 104   Already Delivered
delete T_BDO_TRACE_LOG_TRANS where TB_BDO_BTA_SEQ_NO = '104';

--delete trace log for bag seq 105   Active BDO
delete T_BDO_TRACE_LOG_TRANS where TB_BDO_BTA_SEQ_NO = '105';

--delete trace log for bag seq 106   URGENT
delete T_BDO_TRACE_LOG_TRANS where TB_BDO_BTA_SEQ_NO = '106';

--delete trace log for bag seq 107   
delete T_BDO_TRACE_LOG_TRANS where TB_BDO_BTA_SEQ_NO = '107';

----------------------------------------------------------------------------------------------------------------

--DELETE BDO DELIVERY DETAILS FOR MD2003305000
delete T_BDO_DELIVERY_DETAILS where BDL_SEQ_NO ='10';

--DELETE BDO DELIVERY DETAILS FOR MD2003305001
delete T_BDO_DELIVERY_DETAILS where BDL_SEQ_NO ='11';

--DELETE BDO DELIVERY DETAILS FOR MD2003305002
delete T_BDO_DELIVERY_DETAILS where BDL_SEQ_NO ='12';

--DELETE BDO DELIVERY DETAILS FOR MD2003305003
delete T_BDO_DELIVERY_DETAILS where BDL_SEQ_NO ='13';

--DELETE BDO DELIVERY DETAILS FOR MD2003305004   Already Delivered
delete T_BDO_DELIVERY_DETAILS where BDL_SEQ_NO ='14';

--DELETE BDO DELIVERY DETAILS FOR MD2003305005   Active BDO
delete T_BDO_DELIVERY_DETAILS where BDL_SEQ_NO ='15';

--DELETE BDO DELIVERY DETAILS FOR MD2003305006   URGENT
delete T_BDO_DELIVERY_DETAILS where BDL_SEQ_NO ='16';

COMMIT;

--------------------------------------------------------------------------------------------------------------------------------
--------------------------------------------------------------------------------------------------------------------------------

------- INSERT


-- PASSIVE STANDARD MISCON BDO CREATED AT EK STORE MD2003305000
insert into T_BDO_TRANS_DETAILS (BDO_SEQ_NO, BDO_REFERENCE_NO, BDO_FLIGHT_NO, BDO_FLIGHT_DATE, BDO_TYPE, BDO_BAG_TYPE, BDO_STATUS, BDO_AHL_REFERENCE, BDO_OHD_REFERENCE, BDO_PAX_NAME, BDO_LAST_ACTION, BDO_COLLECTED_AMT, BDO_COLL_CURR_TYPE, BDO_REFUND_AMT, BDO_REFUND_CURR_TYPE, BDO_REMARKS, BDO_APPROVAL_STATUS, BDO_EMAIL_SENT, BDO_ACTIVATED_DATE, BDO_ACTIVATED_BY, BDO_CANCELLED_DATE, BDO_CANCELLED_BY, BDO_REC_CREATED_DT, BDO_REC_CREATED_BY, BDO_REC_UPDATED_DT, BDO_REC_UPDATED_BY, BDO_RECEIPT_NO, BDO_DPR_REFERENCE, BDO_QOH_REFERENCE, BDO_LOCATION, BDO_DELIVERY_MODE)
values (50, 'MD2003305000', 'EK9998', SYSDATE, 'STANDARD', 'MISCON', 'PASSIVE', null, null, 'TEST BDO 1', null, NULL, NULL, null, null, null, NULL, 'Y', NULL, NULL, null, null, SYSDATE, 'S936386', NULL, NULL, null, null, null, 'EK STORES', 'PC');

-- PASSIVE STANDARD MISCON BDO CREATED AT LL STORE MD2003305001
insert into T_BDO_TRANS_DETAILS (BDO_SEQ_NO, BDO_REFERENCE_NO, BDO_FLIGHT_NO, BDO_FLIGHT_DATE, BDO_TYPE, BDO_BAG_TYPE, BDO_STATUS, BDO_AHL_REFERENCE, BDO_OHD_REFERENCE, BDO_PAX_NAME, BDO_LAST_ACTION, BDO_COLLECTED_AMT, BDO_COLL_CURR_TYPE, BDO_REFUND_AMT, BDO_REFUND_CURR_TYPE, BDO_REMARKS, BDO_APPROVAL_STATUS, BDO_EMAIL_SENT, BDO_ACTIVATED_DATE, BDO_ACTIVATED_BY, BDO_CANCELLED_DATE, BDO_CANCELLED_BY, BDO_REC_CREATED_DT, BDO_REC_CREATED_BY, BDO_REC_UPDATED_DT, BDO_REC_UPDATED_BY, BDO_RECEIPT_NO, BDO_DPR_REFERENCE, BDO_QOH_REFERENCE, BDO_LOCATION, BDO_DELIVERY_MODE)
values (51, 'MD2003305001', 'EK9998', SYSDATE, 'STANDARD', 'MISCON', 'PASSIVE', null, null, 'TEST BDO 2', null, NULL, NULL, null, null, null, NULL, 'Y', NULL, NULL, null, null, SYSDATE, 'S936386', NULL, NULL, null, null, null, 'LEFT LUGG', 'PC');

-- PASSIVE STANDARD MISCON BDO CREATED AT EK STORE MD2003305002
insert into T_BDO_TRANS_DETAILS (BDO_SEQ_NO, BDO_REFERENCE_NO, BDO_FLIGHT_NO, BDO_FLIGHT_DATE, BDO_TYPE, BDO_BAG_TYPE, BDO_STATUS, BDO_AHL_REFERENCE, BDO_OHD_REFERENCE, BDO_PAX_NAME, BDO_LAST_ACTION, BDO_COLLECTED_AMT, BDO_COLL_CURR_TYPE, BDO_REFUND_AMT, BDO_REFUND_CURR_TYPE, BDO_REMARKS, BDO_APPROVAL_STATUS, BDO_EMAIL_SENT, BDO_ACTIVATED_DATE, BDO_ACTIVATED_BY, BDO_CANCELLED_DATE, BDO_CANCELLED_BY, BDO_REC_CREATED_DT, BDO_REC_CREATED_BY, BDO_REC_UPDATED_DT, BDO_REC_UPDATED_BY, BDO_RECEIPT_NO, BDO_DPR_REFERENCE, BDO_QOH_REFERENCE, BDO_LOCATION, BDO_DELIVERY_MODE)
values (52, 'MD2003305002', 'EK9998', SYSDATE, 'STANDARD', 'MISCON', 'PASSIVE', null, null, 'TEST BDO 3', null, NULL, NULL, null, null, null, NULL, 'Y', NULL, NULL, null, null, SYSDATE, 'S936386', NULL, NULL, null, null, null, 'EK STORES', 'PC');

-- ACTIVE STANDARD MISCON BDO CREATED AT EK STORE MD2003305003
insert into T_BDO_TRANS_DETAILS (BDO_SEQ_NO, BDO_REFERENCE_NO, BDO_FLIGHT_NO, BDO_FLIGHT_DATE, BDO_TYPE, BDO_BAG_TYPE, BDO_STATUS, BDO_AHL_REFERENCE, BDO_OHD_REFERENCE, BDO_PAX_NAME, BDO_LAST_ACTION, BDO_COLLECTED_AMT, BDO_COLL_CURR_TYPE, BDO_REFUND_AMT, BDO_REFUND_CURR_TYPE, BDO_REMARKS, BDO_APPROVAL_STATUS, BDO_EMAIL_SENT, BDO_ACTIVATED_DATE, BDO_ACTIVATED_BY, BDO_CANCELLED_DATE, BDO_CANCELLED_BY, BDO_REC_CREATED_DT, BDO_REC_CREATED_BY, BDO_REC_UPDATED_DT, BDO_REC_UPDATED_BY, BDO_RECEIPT_NO, BDO_DPR_REFERENCE, BDO_QOH_REFERENCE, BDO_LOCATION, BDO_DELIVERY_MODE)
values (53, 'MD2003305003', 'EK9998', SYSDATE, 'STANDARD', 'MISCON', 'ACTIVE', null, null, 'TEST BDO 4', null, NULL, NULL, null, null, null, NULL, 'Y', NULL, NULL, null, null, SYSDATE, 'S936386', NULL, NULL, null, null, null, 'EK STORES', 'PC');


-- DELIVERED STANDARD MISCON BDO CREATED AT EK STORE MD2003305004
insert into T_BDO_TRANS_DETAILS (BDO_SEQ_NO, BDO_REFERENCE_NO, BDO_FLIGHT_NO, BDO_FLIGHT_DATE, BDO_TYPE, BDO_BAG_TYPE, BDO_STATUS, BDO_AHL_REFERENCE, BDO_OHD_REFERENCE, BDO_PAX_NAME, BDO_LAST_ACTION, BDO_COLLECTED_AMT, BDO_COLL_CURR_TYPE, BDO_REFUND_AMT, BDO_REFUND_CURR_TYPE, BDO_REMARKS, BDO_APPROVAL_STATUS, BDO_EMAIL_SENT, BDO_ACTIVATED_DATE, BDO_ACTIVATED_BY, BDO_CANCELLED_DATE, BDO_CANCELLED_BY, BDO_REC_CREATED_DT, BDO_REC_CREATED_BY, BDO_REC_UPDATED_DT, BDO_REC_UPDATED_BY, BDO_RECEIPT_NO, BDO_DPR_REFERENCE, BDO_QOH_REFERENCE, BDO_LOCATION, BDO_DELIVERY_MODE)
values (54, 'MD2003305004', 'EK9998', SYSDATE, 'STANDARD', 'MISCON', 'ACTIVE', null, null, 'TEST BDO 5', null, NULL, NULL, null, null, null, NULL, 'Y', NULL, NULL, null, null, SYSDATE, 'S936386', NULL, NULL, null, null, null, 'EK STORES', 'PC');



-- ACTIVE STANDARD MISCON BDO CREATED AT EK STORE MD2003305005
insert into T_BDO_TRANS_DETAILS (BDO_SEQ_NO, BDO_REFERENCE_NO, BDO_FLIGHT_NO, BDO_FLIGHT_DATE, BDO_TYPE, BDO_BAG_TYPE, BDO_STATUS, BDO_AHL_REFERENCE, BDO_OHD_REFERENCE, BDO_PAX_NAME, BDO_LAST_ACTION, BDO_COLLECTED_AMT, BDO_COLL_CURR_TYPE, BDO_REFUND_AMT, BDO_REFUND_CURR_TYPE, BDO_REMARKS, BDO_APPROVAL_STATUS, BDO_EMAIL_SENT, BDO_ACTIVATED_DATE, BDO_ACTIVATED_BY, BDO_CANCELLED_DATE, BDO_CANCELLED_BY, BDO_REC_CREATED_DT, BDO_REC_CREATED_BY, BDO_REC_UPDATED_DT, BDO_REC_UPDATED_BY, BDO_RECEIPT_NO, BDO_DPR_REFERENCE, BDO_QOH_REFERENCE, BDO_LOCATION, BDO_DELIVERY_MODE)
values (55, 'MD2003305005', 'EK9998', SYSDATE, 'STANDARD', 'MISCON', 'ACTIVE', null, null, 'TEST BDO 6', null, NULL, NULL, null, null, null, NULL, 'Y', NULL, NULL, null, null, SYSDATE, 'S936386', NULL, NULL, null, null, null, 'EK STORES', 'PC');

-- ACTIVE URGENT OHD BDO CREATED AT EK STORE MD2003305006
insert into T_BDO_TRANS_DETAILS (BDO_SEQ_NO, BDO_REFERENCE_NO, BDO_FLIGHT_NO, BDO_FLIGHT_DATE, BDO_TYPE, BDO_BAG_TYPE, BDO_STATUS, BDO_AHL_REFERENCE, BDO_OHD_REFERENCE, BDO_PAX_NAME, BDO_LAST_ACTION, BDO_COLLECTED_AMT, BDO_COLL_CURR_TYPE, BDO_REFUND_AMT, BDO_REFUND_CURR_TYPE, BDO_REMARKS, BDO_APPROVAL_STATUS, BDO_EMAIL_SENT, BDO_ACTIVATED_DATE, BDO_ACTIVATED_BY, BDO_CANCELLED_DATE, BDO_CANCELLED_BY, BDO_REC_CREATED_DT, BDO_REC_CREATED_BY, BDO_REC_UPDATED_DT, BDO_REC_UPDATED_BY, BDO_RECEIPT_NO, BDO_DPR_REFERENCE, BDO_QOH_REFERENCE, BDO_LOCATION, BDO_DELIVERY_MODE)
values (56, 'MD2003305006', 'EK9998', SYSDATE, 'URGENT', 'OHD', 'ACTIVE', null, null, 'TEST BDO 7', null, NULL, NULL, null, null, null, 'N', 'Y', NULL, NULL, null, null, SYSDATE, 'S936386', NULL, NULL, null, null, null, 'EK STORES', 'PC');



----------------------------------------------------------------------------------------------------------------


-- INSERT BDO BAG EK999881 INTO MD2003305000
insert into T_BDO_TAG_DETAILS (BTA_SEQ_NO, BTA_BDO_SEQ_NO, BTA_BD_SEQ_NO, BTA_TAG_NUMBER, BTA_COLOUR_TYPE, BTA_DAMAGED, BTA_DAMAGED_DTLS, BTA_CUSTOMS_HELD, BTA_CUSTOMS_REMARKS, BTA_CUSTOMS_ID, BTA_CUSTOMS_SIGN, BTA_LOG_LOCATION, BTA_LOG_REASON, BTA_DEVICE_ID, BTA_BL_SEQ_NO, BTA_NEXT_LOG_LOCATION, BTA_BAG_SCANNED, BTA_CRT_BL_SEQ, BTA_REC_CREATED_DATE, BTA_REC_CREATED_BY, BTA_REC_UPDATED_DATE, BTA_REC_UPDATED_BY, BTA_CUSTOMS_SCAN, BTA_BDO_TAG_NO, BTA_DELIVERY_FLAG, BTA_DELIVERY_DATE, BTA_BL_LLIN_SEQNO)
values (100, 50,'792702002' , 'EK999881', NULL, 'N', NULL, 'N', NULL, NULL, NULL, NULL, NULL, 'DESKTOP', NULL, null, 'N', NULL, null, null, NULL, NULL, null, 'MD2003305000-1', 'N', null, null);

-- INSERT BDO BAG EK999882 INTO MD2003305001
insert into T_BDO_TAG_DETAILS (BTA_SEQ_NO, BTA_BDO_SEQ_NO, BTA_BD_SEQ_NO, BTA_TAG_NUMBER, BTA_COLOUR_TYPE, BTA_DAMAGED, BTA_DAMAGED_DTLS, BTA_CUSTOMS_HELD, BTA_CUSTOMS_REMARKS, BTA_CUSTOMS_ID, BTA_CUSTOMS_SIGN, BTA_LOG_LOCATION, BTA_LOG_REASON, BTA_DEVICE_ID, BTA_BL_SEQ_NO, BTA_NEXT_LOG_LOCATION, BTA_BAG_SCANNED, BTA_CRT_BL_SEQ, BTA_REC_CREATED_DATE, BTA_REC_CREATED_BY, BTA_REC_UPDATED_DATE, BTA_REC_UPDATED_BY, BTA_CUSTOMS_SCAN, BTA_BDO_TAG_NO, BTA_DELIVERY_FLAG, BTA_DELIVERY_DATE, BTA_BL_LLIN_SEQNO)
values (101, 51,'792702003' , 'EK999882', NULL, 'N', NULL, 'N', NULL, NULL, NULL, NULL, NULL, 'DESKTOP', NULL, null, 'N', NULL, null, null, NULL, NULL, null, 'MD2003305001-1', 'N', null, null);


-- INSERT BDO BAG EK999883 INTO MD2003305002
insert into T_BDO_TAG_DETAILS (BTA_SEQ_NO, BTA_BDO_SEQ_NO, BTA_BD_SEQ_NO, BTA_TAG_NUMBER, BTA_COLOUR_TYPE, BTA_DAMAGED, BTA_DAMAGED_DTLS, BTA_CUSTOMS_HELD, BTA_CUSTOMS_REMARKS, BTA_CUSTOMS_ID, BTA_CUSTOMS_SIGN, BTA_LOG_LOCATION, BTA_LOG_REASON, BTA_DEVICE_ID, BTA_BL_SEQ_NO, BTA_NEXT_LOG_LOCATION, BTA_BAG_SCANNED, BTA_CRT_BL_SEQ, BTA_REC_CREATED_DATE, BTA_REC_CREATED_BY, BTA_REC_UPDATED_DATE, BTA_REC_UPDATED_BY, BTA_CUSTOMS_SCAN, BTA_BDO_TAG_NO, BTA_DELIVERY_FLAG, BTA_DELIVERY_DATE, BTA_BL_LLIN_SEQNO)
values (102, 52,'792702004' , 'EK999883', NULL, 'N', NULL, 'N', NULL, NULL, NULL, NULL, NULL, 'DESKTOP', NULL, null, 'N', NULL, null, null, NULL, NULL, null, 'MD200330502-1', 'N', null, null);

-- INSERT BDO BAG EK999884 INTO MD2003305003
insert into T_BDO_TAG_DETAILS (BTA_SEQ_NO, BTA_BDO_SEQ_NO, BTA_BD_SEQ_NO, BTA_TAG_NUMBER, BTA_COLOUR_TYPE, BTA_DAMAGED, BTA_DAMAGED_DTLS, BTA_CUSTOMS_HELD, BTA_CUSTOMS_REMARKS, BTA_CUSTOMS_ID, BTA_CUSTOMS_SIGN, BTA_LOG_LOCATION, BTA_LOG_REASON, BTA_DEVICE_ID, BTA_BL_SEQ_NO, BTA_NEXT_LOG_LOCATION, BTA_BAG_SCANNED, BTA_CRT_BL_SEQ, BTA_REC_CREATED_DATE, BTA_REC_CREATED_BY, BTA_REC_UPDATED_DATE, BTA_REC_UPDATED_BY, BTA_CUSTOMS_SCAN, BTA_BDO_TAG_NO, BTA_DELIVERY_FLAG, BTA_DELIVERY_DATE, BTA_BL_LLIN_SEQNO)
values (103, 53,'792702005' , 'EK999884', NULL, 'N', NULL, 'N', NULL, NULL, NULL, 'LFGG-OUT', 'DELIVERY' , 'DESKTOP', NULL, null, 'N', NULL, null, null, NULL, NULL, 'S', 'MD200330503-1', 'N', null, null);


-- INSERT BDO BAG EK999885 INTO MD2003305004
insert into T_BDO_TAG_DETAILS (BTA_SEQ_NO, BTA_BDO_SEQ_NO, BTA_BD_SEQ_NO, BTA_TAG_NUMBER, BTA_COLOUR_TYPE, BTA_DAMAGED, BTA_DAMAGED_DTLS, BTA_CUSTOMS_HELD, BTA_CUSTOMS_REMARKS, BTA_CUSTOMS_ID, BTA_CUSTOMS_SIGN, BTA_LOG_LOCATION, BTA_LOG_REASON, BTA_DEVICE_ID, BTA_BL_SEQ_NO, BTA_NEXT_LOG_LOCATION, BTA_BAG_SCANNED, BTA_CRT_BL_SEQ, BTA_REC_CREATED_DATE, BTA_REC_CREATED_BY, BTA_REC_UPDATED_DATE, BTA_REC_UPDATED_BY, BTA_CUSTOMS_SCAN, BTA_BDO_TAG_NO, BTA_DELIVERY_FLAG, BTA_DELIVERY_DATE, BTA_BL_LLIN_SEQNO)
values (104, 54,'792702006' , 'EK999885', NULL, 'N', NULL, 'N', NULL, NULL, NULL, 'LFGG-OUT', 'DELIVERY' , 'DESKTOP', NULL, null, 'Y', NULL, null, null, NULL, NULL, 'S', 'MD200330504-1', 'Y', null, null);

-- INSERT BDO BAG EK999886 INTO MD2003305005
insert into T_BDO_TAG_DETAILS (BTA_SEQ_NO, BTA_BDO_SEQ_NO, BTA_BD_SEQ_NO, BTA_TAG_NUMBER, BTA_COLOUR_TYPE, BTA_DAMAGED, BTA_DAMAGED_DTLS, BTA_CUSTOMS_HELD, BTA_CUSTOMS_REMARKS, BTA_CUSTOMS_ID, BTA_CUSTOMS_SIGN, BTA_LOG_LOCATION, BTA_LOG_REASON, BTA_DEVICE_ID, BTA_BL_SEQ_NO, BTA_NEXT_LOG_LOCATION, BTA_BAG_SCANNED, BTA_CRT_BL_SEQ, BTA_REC_CREATED_DATE, BTA_REC_CREATED_BY, BTA_REC_UPDATED_DATE, BTA_REC_UPDATED_BY, BTA_CUSTOMS_SCAN, BTA_BDO_TAG_NO, BTA_DELIVERY_FLAG, BTA_DELIVERY_DATE, BTA_BL_LLIN_SEQNO)
values (105, 55,'792702007' , 'EK999886', NULL, 'N', NULL, 'N', NULL, NULL, NULL, 'MNST-IN', 'DELIVERY' , 'DESKTOP', NULL, null, 'Y', NULL, null, null, NULL, NULL, 'N', 'MD200330505-1', 'N', null, null);

-- INSERT BDO BAG EK999887 INTO MD2003305006
insert into T_BDO_TAG_DETAILS (BTA_SEQ_NO, BTA_BDO_SEQ_NO, BTA_BD_SEQ_NO, BTA_TAG_NUMBER, BTA_COLOUR_TYPE, BTA_DAMAGED, BTA_DAMAGED_DTLS, BTA_CUSTOMS_HELD, BTA_CUSTOMS_REMARKS, BTA_CUSTOMS_ID, BTA_CUSTOMS_SIGN, BTA_LOG_LOCATION, BTA_LOG_REASON, BTA_DEVICE_ID, BTA_BL_SEQ_NO, BTA_NEXT_LOG_LOCATION, BTA_BAG_SCANNED, BTA_CRT_BL_SEQ, BTA_REC_CREATED_DATE, BTA_REC_CREATED_BY, BTA_REC_UPDATED_DATE, BTA_REC_UPDATED_BY, BTA_CUSTOMS_SCAN, BTA_BDO_TAG_NO, BTA_DELIVERY_FLAG, BTA_DELIVERY_DATE, BTA_BL_LLIN_SEQNO)
values (106, 56,'792702008' , 'EK999887', NULL, 'N', NULL, 'N', NULL, NULL, NULL, 'MNST-IN', 'DELIVERY' , 'DESKTOP', NULL, null, 'Y', NULL, null, null, NULL, NULL, 'N', 'MD200330505-1', 'N', null, null);

-- INSERT BDO BAG EK999888 INTO MD2003305003
insert into T_BDO_TAG_DETAILS (BTA_SEQ_NO, BTA_BDO_SEQ_NO, BTA_BD_SEQ_NO, BTA_TAG_NUMBER, BTA_COLOUR_TYPE, BTA_DAMAGED, BTA_DAMAGED_DTLS, BTA_CUSTOMS_HELD, BTA_CUSTOMS_REMARKS, BTA_CUSTOMS_ID, BTA_CUSTOMS_SIGN, BTA_LOG_LOCATION, BTA_LOG_REASON, BTA_DEVICE_ID, BTA_BL_SEQ_NO, BTA_NEXT_LOG_LOCATION, BTA_BAG_SCANNED, BTA_CRT_BL_SEQ, BTA_REC_CREATED_DATE, BTA_REC_CREATED_BY, BTA_REC_UPDATED_DATE, BTA_REC_UPDATED_BY, BTA_CUSTOMS_SCAN, BTA_BDO_TAG_NO, BTA_DELIVERY_FLAG, BTA_DELIVERY_DATE, BTA_BL_LLIN_SEQNO)
values (107, 53,'792702009' , 'EK999888', NULL, 'N', NULL, 'N', NULL, NULL, NULL, 'LFGG-OUT', 'DELIVERY' , 'DESKTOP', NULL, null, 'N', NULL, null, null, NULL, NULL, 'S', 'MD200330503-2', 'N', null, null);


----------------------------------------------------------------------------------------------------------------

-- INSERT BDO BAG  TRACE LOG FOR EK999881 IN MD2003305000
insert into T_BDO_TRACE_LOG_TRANS (TB_BDO_SEQ_NO, TB_BDO_BTA_SEQ_NO, TB_BL_SEQ_NO)
values (50, 100, 907512868);

-- INSERT BDO BAG  TRACE LOG FOR EK999882 IN MD2003305001
insert into T_BDO_TRACE_LOG_TRANS (TB_BDO_SEQ_NO, TB_BDO_BTA_SEQ_NO, TB_BL_SEQ_NO)
values (51, 101, 907512869);

-- INSERT BDO BAG  TRACE LOG FOR EK999883 IN MD2003305002
insert into T_BDO_TRACE_LOG_TRANS (TB_BDO_SEQ_NO, TB_BDO_BTA_SEQ_NO, TB_BL_SEQ_NO)
values (52, 102, 907512870);

-- INSERT BDO BAG  TRACE LOG FOR EK999884 IN MD2003305003
insert into T_BDO_TRACE_LOG_TRANS (TB_BDO_SEQ_NO, TB_BDO_BTA_SEQ_NO, TB_BL_SEQ_NO)
values (53, 103, 907512871);

-- INSERT BDO BAG  TRACE LOG FOR EK999885 IN MD2003305004
insert into T_BDO_TRACE_LOG_TRANS (TB_BDO_SEQ_NO, TB_BDO_BTA_SEQ_NO, TB_BL_SEQ_NO)
values (54, 104, 907512872);

-- INSERT BDO BAG  TRACE LOG FOR EK999886 IN MD2003305005
insert into T_BDO_TRACE_LOG_TRANS (TB_BDO_SEQ_NO, TB_BDO_BTA_SEQ_NO, TB_BL_SEQ_NO)
values (55, 105, 907512873);

-- INSERT BDO BAG  TRACE LOG FOR EK999887 IN MD2003305006
insert into T_BDO_TRACE_LOG_TRANS (TB_BDO_SEQ_NO, TB_BDO_BTA_SEQ_NO, TB_BL_SEQ_NO)
values (56, 106, 907512874);

-- INSERT BDO BAG  TRACE LOG FOR EK999887 IN MD2003305006
insert into T_BDO_TRACE_LOG_TRANS (TB_BDO_SEQ_NO, TB_BDO_BTA_SEQ_NO, TB_BL_SEQ_NO)
values (53, 107, 907512875);

----------------------------------------------------------------------------------------------------------------

--INSERT BDO DELIVERY DETAILS FOR MD2003305000
insert into T_BDO_DELIVERY_DETAILS (BDL_SEQ_NO, BDL_BDO_SEQ_NO, BDL_DELIVERY_SLOT, BDL_DELIVERY_REMARKS, BDL_DELIVERY_DATE, BDL_DELIVERY_STATUS, BDL_DELIVERY_ADDR1, BDL_DELIVERY_ADDR2, BDL_DELIVERY_PHONE1, BDL_DELIVERY_PHONE2, BDL_LOCAL_DEL_INST, BDL_EMIRATE, BDL_COUNTRY, BDL_STATE, BDL_ZIP_CODE, BDL_DELIVERED_TO, BDL_DELIVERED_DATE, BDL_COLLTR_NAME, BDL_COLLTR_ID_TYPE, BDL_COLLTR_ID_NUM, BDL_COLLTR_PHONE, BDL_COLLTR_SIGN, BDL_LOCATION_CODE, BDL_DEVICE_ID, BDL_REC_CREATED_DATE, BDL_REC_CREATED_BY, BDL_REC_UPDATED_DATE, BDL_REC_UPDATED_BY, BDL_DELIVERY_TYPE, BDL_ADDR_TYP, BDL_PHN_TYP)
values (10, 50, null, null, null, 'N', null, null, null, null, null, null, null, null, null, null, null, null, null, null, null, NULL, null, null, null, null, null, null, null, null, null);

--INSERT BDO DELIVERY DETAILS FOR MD2003305001
insert into T_BDO_DELIVERY_DETAILS (BDL_SEQ_NO, BDL_BDO_SEQ_NO, BDL_DELIVERY_SLOT, BDL_DELIVERY_REMARKS, BDL_DELIVERY_DATE, BDL_DELIVERY_STATUS, BDL_DELIVERY_ADDR1, BDL_DELIVERY_ADDR2, BDL_DELIVERY_PHONE1, BDL_DELIVERY_PHONE2, BDL_LOCAL_DEL_INST, BDL_EMIRATE, BDL_COUNTRY, BDL_STATE, BDL_ZIP_CODE, BDL_DELIVERED_TO, BDL_DELIVERED_DATE, BDL_COLLTR_NAME, BDL_COLLTR_ID_TYPE, BDL_COLLTR_ID_NUM, BDL_COLLTR_PHONE, BDL_COLLTR_SIGN, BDL_LOCATION_CODE, BDL_DEVICE_ID, BDL_REC_CREATED_DATE, BDL_REC_CREATED_BY, BDL_REC_UPDATED_DATE, BDL_REC_UPDATED_BY, BDL_DELIVERY_TYPE, BDL_ADDR_TYP, BDL_PHN_TYP)
values (11, 51, null, null, null, 'N', null, null, null, null, null, null, null, null, null, null, null, null, null, null, null, NULL, null, null, null, null, null, null, null, null, null);

--INSERT BDO DELIVERY DETAILS FOR MD2003305002
insert into T_BDO_DELIVERY_DETAILS (BDL_SEQ_NO, BDL_BDO_SEQ_NO, BDL_DELIVERY_SLOT, BDL_DELIVERY_REMARKS, BDL_DELIVERY_DATE, BDL_DELIVERY_STATUS, BDL_DELIVERY_ADDR1, BDL_DELIVERY_ADDR2, BDL_DELIVERY_PHONE1, BDL_DELIVERY_PHONE2, BDL_LOCAL_DEL_INST, BDL_EMIRATE, BDL_COUNTRY, BDL_STATE, BDL_ZIP_CODE, BDL_DELIVERED_TO, BDL_DELIVERED_DATE, BDL_COLLTR_NAME, BDL_COLLTR_ID_TYPE, BDL_COLLTR_ID_NUM, BDL_COLLTR_PHONE, BDL_COLLTR_SIGN, BDL_LOCATION_CODE, BDL_DEVICE_ID, BDL_REC_CREATED_DATE, BDL_REC_CREATED_BY, BDL_REC_UPDATED_DATE, BDL_REC_UPDATED_BY, BDL_DELIVERY_TYPE, BDL_ADDR_TYP, BDL_PHN_TYP)
values (12, 52, null, null, null, 'N', null, null, null, null, null, null, null, null, null, null, null, null, null, null, null, NULL, null, null, null, null, null, null, null, null, null);

--INSERT BDO DELIVERY DETAILS FOR MD2003305003
insert into T_BDO_DELIVERY_DETAILS (BDL_SEQ_NO, BDL_BDO_SEQ_NO, BDL_DELIVERY_SLOT, BDL_DELIVERY_REMARKS, BDL_DELIVERY_DATE, BDL_DELIVERY_STATUS, BDL_DELIVERY_ADDR1, BDL_DELIVERY_ADDR2, BDL_DELIVERY_PHONE1, BDL_DELIVERY_PHONE2, BDL_LOCAL_DEL_INST, BDL_EMIRATE, BDL_COUNTRY, BDL_STATE, BDL_ZIP_CODE, BDL_DELIVERED_TO, BDL_DELIVERED_DATE, BDL_COLLTR_NAME, BDL_COLLTR_ID_TYPE, BDL_COLLTR_ID_NUM, BDL_COLLTR_PHONE, BDL_COLLTR_SIGN, BDL_LOCATION_CODE, BDL_DEVICE_ID, BDL_REC_CREATED_DATE, BDL_REC_CREATED_BY, BDL_REC_UPDATED_DATE, BDL_REC_UPDATED_BY, BDL_DELIVERY_TYPE, BDL_ADDR_TYP, BDL_PHN_TYP)
values (13, 53, null, null, null, 'N', null, null, null, null, null, null, null, null, null, null, null, null, null, null, null, NULL, null, null, null, null, null, null, null, null, null);

--INSERT BDO DELIVERY DETAILS FOR MD2003305004   ALREADY DELIVERED
insert into T_BDO_DELIVERY_DETAILS (BDL_SEQ_NO, BDL_BDO_SEQ_NO, BDL_DELIVERY_SLOT, BDL_DELIVERY_REMARKS, BDL_DELIVERY_DATE, BDL_DELIVERY_STATUS, BDL_DELIVERY_ADDR1, BDL_DELIVERY_ADDR2, BDL_DELIVERY_PHONE1, BDL_DELIVERY_PHONE2, BDL_LOCAL_DEL_INST, BDL_EMIRATE, BDL_COUNTRY, BDL_STATE, BDL_ZIP_CODE, BDL_DELIVERED_TO, BDL_DELIVERED_DATE, BDL_COLLTR_NAME, BDL_COLLTR_ID_TYPE, BDL_COLLTR_ID_NUM, BDL_COLLTR_PHONE, BDL_COLLTR_SIGN, BDL_LOCATION_CODE, BDL_DEVICE_ID, BDL_REC_CREATED_DATE, BDL_REC_CREATED_BY, BDL_REC_UPDATED_DATE, BDL_REC_UPDATED_BY, BDL_DELIVERY_TYPE, BDL_ADDR_TYP, BDL_PHN_TYP)
values (14, 54, null, null, TRUNC(SYSDATE) , 'Y', 'DEIRA', 'DUBAI', null, null, null, 'DXB', null, null, null, 'PAX', SYSDATE, 'TEST BDO USER 5', 'COLL@TEST.COM', null, null, null, null, null, null, null, null, null, 'PCLL', null, null);

--INSERT BDO DELIVERY DETAILS FOR MD2003305005   Active BDO
insert into T_BDO_DELIVERY_DETAILS (BDL_SEQ_NO, BDL_BDO_SEQ_NO, BDL_DELIVERY_SLOT, BDL_DELIVERY_REMARKS, BDL_DELIVERY_DATE, BDL_DELIVERY_STATUS, BDL_DELIVERY_ADDR1, BDL_DELIVERY_ADDR2, BDL_DELIVERY_PHONE1, BDL_DELIVERY_PHONE2, BDL_LOCAL_DEL_INST, BDL_EMIRATE, BDL_COUNTRY, BDL_STATE, BDL_ZIP_CODE, BDL_DELIVERED_TO, BDL_DELIVERED_DATE, BDL_COLLTR_NAME, BDL_COLLTR_ID_TYPE, BDL_COLLTR_ID_NUM, BDL_COLLTR_PHONE, BDL_COLLTR_SIGN, BDL_LOCATION_CODE, BDL_DEVICE_ID, BDL_REC_CREATED_DATE, BDL_REC_CREATED_BY, BDL_REC_UPDATED_DATE, BDL_REC_UPDATED_BY, BDL_DELIVERY_TYPE, BDL_ADDR_TYP, BDL_PHN_TYP)
values (15, 55, null, null, TRUNC(SYSDATE) , 'N', 'DEIRA', 'DUBAI', null, null, null, 'DXB', null, null, null, 'PAX', SYSDATE, 'TEST BDO USER 6', 'COLL@TEST.COM', null, null, null, null, null, null, null, null, null, 'PCLL', null, null);

--INSERT BDO DELIVERY DETAILS FOR MD2003305006   NOT APPROVED
insert into T_BDO_DELIVERY_DETAILS (BDL_SEQ_NO, BDL_BDO_SEQ_NO, BDL_DELIVERY_SLOT, BDL_DELIVERY_REMARKS, BDL_DELIVERY_DATE, BDL_DELIVERY_STATUS, BDL_DELIVERY_ADDR1, BDL_DELIVERY_ADDR2, BDL_DELIVERY_PHONE1, BDL_DELIVERY_PHONE2, BDL_LOCAL_DEL_INST, BDL_EMIRATE, BDL_COUNTRY, BDL_STATE, BDL_ZIP_CODE, BDL_DELIVERED_TO, BDL_DELIVERED_DATE, BDL_COLLTR_NAME, BDL_COLLTR_ID_TYPE, BDL_COLLTR_ID_NUM, BDL_COLLTR_PHONE, BDL_COLLTR_SIGN, BDL_LOCATION_CODE, BDL_DEVICE_ID, BDL_REC_CREATED_DATE, BDL_REC_CREATED_BY, BDL_REC_UPDATED_DATE, BDL_REC_UPDATED_BY, BDL_DELIVERY_TYPE, BDL_ADDR_TYP, BDL_PHN_TYP)
values (16, 56, null, null, TRUNC(SYSDATE) , 'N', 'DEIRA', 'DUBAI', null, null, null, 'DXB', null, null, null, 'PAX', SYSDATE, 'TEST BDO USER 7', 'COLL@TEST.COM', null, null, null, null, null, null, null, null, null, 'PCLL', null, null);


COMMIT;
